{"app.vnss":"3148738f261aa504fd753bb63c85cbac","config.json":"76b47b4db7860426eff121bfb6fdcff4","images/btn-bg.png":"eee63e4f0f91ce73ae0946e0e52359c7","images/calendar-white.png":"e98d6871de8c3b23485922a1346ba2ec","images/calendar.png":"4a75d308a05d85b4efce3537fbf9a289","images/author.png":"351e0e3648a285481156b67f75cced8a","images/dot-today.png":"55b765ef2e6b6ccbb3211910f8fc35b3","images/dot-default.png":"35c8fe465e78f49c177709c11cfda66f","images/head-border.png":"b768e58ff23ad45542faeda81b4f46c2","images/head-default.png":"ffe85750a5eba083abc46e859b6d5dee","images/err.png":"504927b1c1fca35ea49ba60449844522","images/icon-big-close.png":"fb8d1646a17b5468d430673be294ce0d","images/icon-close.png":"d6e608bf8400dc8825155c095c10676f","images/icon-enter-gold.png":"e94cb9b859f8b157ff86de9a7f14f6d6","images/calendar-dark.png":"4f5cc34cd99be2836810c0ba5d489e5b","images/icon-liked.png":"d451bacac787288924a7355d43fa1dba","images/icon-like.png":"4d7996fe7b5c74b9b4bffebc845d1be8","images/indicator-default.png":"26c4e6689b0f7f9cb9ca55994b3e146c","images/indicator-select.png":"0ca7a59864ea3ebe88b0b76dd5031a6c","images/interest-icon-novipb.png":"e320056a857ce6e6e499cead4b52bc77","images/interest-icon-novipo.png":"0724d8b4c9c7dcfb1d5c02cbea779df6","images/interest-icon-vipo.png":"1f59fb00ff5fdbbc8b6703e3af0250be","images/interest-icon-vipw.png":"9150e30633856c637b506b5477a70bca","images/interest-tag.png":"e768333f18eb1fd2c41a3b40122cc5db","images/mask45.png":"d862e4f51e03a0fe1cf05f1e047d531c","images/interest-icon.png":"20d879d2b8ac970b5e4929e2a3cab5ae","images/novip-gold.png":"6b9d877ebc0c628be436767042d3907c","images/likelayer.png":"7d6dbaacab6c2a72b7ee13dd640bed9c","images/vip-dot-default.png":"166ccbe4f76a57be1c33f7e07590ff55","images/refresh.png":"163788b2a2b17e166e5a591318d236e5","images/qq.png":"d259633941335a6917e5be2fbc97d281","images/novip-white.png":"77f756aaf44d73894ad9f7c3868b8ca2","images/vip-dot-today.png":"8ae8ccbe8b108e1ab46925b75f0d32a8","images/vip-gold.png":"04851da00c70bcdc4be93f3e5cd259cf","images/vip-white.png":"4ce86dccd4a0bbdafe274b2431b8e034","index/component/activityCardComponent/activityCardComponent.page":"59ef4869b8352b68a7befccce1b1184a","index/component/albumItemComponent/albumItemComponent.page":"426b9a6b49399ff616e94fd5b8d4dda9","index/component/avatarComponent/avatarComponent.page":"46753185f50588fb5aec262b07ccd765","index/component/commom.vnss":"ac5eef5e758f2af5b8398a68adcdeaad","index/component/common/horTileStyle/index.vnss":"ce58442ad752f55abc368be7fba8f6a8","images/wx.png":"59c898e70ae697a3981e04742a6d3d8e","index/component/common/horTileStyle/large.vnss":"1bf635394e18763ebc41ea712c26f733","index/component/common/horTileStyle/regular.vnss":"965c20ccf82bda1a6efc3b03a360733e","index/component/common/verSlideStyle/index.vnss":"fb991f223c0392adb7f48e237d8e4281","index/component/common/verSlideStyle/large.vnss":"d41d8cd98f00b204e9800998ecf8427e","index/component/horizontalPosterComponent/horizontalPosterComponent.page":"42d55a8f3b14d9bf26e36ba92a39d2e5","index/component/exchangeComponent/exchangeComponent.page":"2d2eed2eaf6a2d4c1d0cc26a108f4c75","index/component/horizontalWelfareComponent/horizontalWelfareComponent.page":"a9cffdb65f5e6b8858cf4540bd859797","index/component/oneLineTitleComponent/oneLineTitleComponent.page":"26adb280fd610afcd1326297ecabf4ca","index/component/common/verSlideStyle/regular.vnss":"d41d8cd98f00b204e9800998ecf8427e","index/component/sideSlipComponent/sideSlipComponent.page":"97124c70c83fa09d06110c9fcd47bb23","index/component/leftpicComponent/leftpicComponent.page":"cb25242d2a9e55828597d5e49c73e861","index/fullScreenAnimation.page":"707ae5a8f60e313280507567347ffe70","index/indexHelpers/initHelper.js":"62b711677c9cd2edfbd8ecd70dfefe37","index/component/verticalPosterComponent/verticalPosterComponent.page":"f617dcde658b0604bc184ba77b7bfaf2","index/indexHelpers/headerAndFooterHelper.js":"ef6144035842dfe30d24de664f39f364","index/indexHelpers/moduleExchangeHelper.js":"63a52c1b3e81e9203a61c713f7e1c39b","index/indexHelpers/pageTurnHelper.js":"1a20a167b34b9e0a2cb0295fb5930ffd","index/index.page":"27b9e79f05affb7368ea48aefbf6f737","index/indexHelpers/reportHelper.js":"82a6e560b0fec6672444ee4e529b2a83","index/indexHelpers/showAndHideHelper.js":"05efa856517a2679fb9e6e1dca15427e","index/indexHelpers/scrollHelper.js":"677fb0d7fa2ab0d28978bf3cd38f18e8","index/module/activityCardModule/activityCardModule.page":"b9b82017d67af1975cf2aa1be49485df","index/module/activityBarModule/activityBarModule.page":"9d827834e975fa7a47c2c16da0aa72d5","index/module/albumModule/albumModule.page":"7cd50528e55c8737c34184a90868865f","index/module/dailyRecommendModule/dailyRecommendModule.page":"2020f06d75fb0ca4d6828239772b925c","index/module/focusModule/dimens/dimens-huge.vnss":"d61b70472519e90f4bbbc38b0554e8f5","index/module/focusModule/dimens/dimens-large.vnss":"2a905d7f12d50366995c62802a939c7f","index/module/focusModule/dimens/dimens-max.vnss":"e4c4eee8d10c58cf49cedde1451b6e6f","index/module/focusModule/dimens/dimens-regular.vnss":"0c4075bed4da6d706f89a192539a111d","index/module/focusModule/dimens/dimens-var.vnss":"3a3dfe1e403323b4adb8807c511b90c1","index/module/focusModule/focusModule.page":"1038089c27c8d96de1eb8c5bfd842f36","index/module/normalTileHorizontalModule/normalTileHorizontalModule.page":"8a9130c96b76e7f7eded15090329972a","index/module/friendsModule/friendsModule.page":"d248177f6d3e87d08b3c25f26fd05d27","index/module/normalHorizontalModule/normalHorizontalModule.page":"6c49156b2f45e8dc93e8fa2b6055ca51","index/module/starModule/dimens/dimens-large.vnss":"40f19c8edb8d47faef652716e6c139ae","index/module/normalVerticalModule/normalVerticalModule.page":"5527ad808b09867c1fc9b72a12126798","index/module/starModule/dimens/dimens-regular.vnss":"fa7a32166f0a9596462eaf10dcf0b2fd","index/module/starModule/dimens/dimens-var.vnss":"fe9f8ceb45f12835276fd5a26d54adb3","index/module/leftpicModule/leftpicModule.page":"75af418263dd7cfeba9e9f0a5373fbc7","index/module/starModule/starModule.page":"5eda7c61d51e22a3db7fdf9429aa4a06","index/module/userInterestModule/userInterestModule.page":"9048db4c84b571d97614d59df6f82a64","index/module/upcomingModule/upcomingModule.page":"454b4576c69835b14c10b3f106246b2b","index/service/channelService.js":"91bb9c06f8e40fb3a5d4f1322815ac25","index/module/userPanelModule/userPanelModule.page":"96e51358f7c4ac14e93e2d79df1e3ec4","index/service/configService.js":"ef19adc0f7a723c890ddedfd12b6f044","index/module/welfareModule/welfareModule.page":"c94492c8a1a5352fcd5df4fa4888ae9b","index/service/userInfoService.js":"19c4c7a3375425f99d60d0c17200576e","index/store/action/moduleDataAction.js":"60cf068b1422f0bd55eded4eb26c60cb","index/store/action/userInfoServiceAction.js":"03637a79be54cef3914b9cb51479d269","index/store/action/frontAction.js":"70e081f063fa4292100c14453ec5cfa2","index/store/action.js":"6e2335aa3ce4ed57d27faccfe633e98b","index/store/index.js":"6f81f25aacc1bbdf839667573c7264d0","index/store/action/channelServiceAction.js":"d4d4d8fc31a400852108da13f18eaeea","index/store/moduleLoader.js":"f9951f161e6985410892c74052e6d1b8","index/store/moduleDataConfig.js":"e2b69cd28caab67b6c6166f7e3c264a8","index/store/processData/processActivityBarModule.js":"3605058d7913786840ad122d98c35b6c","index/store/processData/processNormalTileModuleData.js":"1e1bca0a0e187015b0bf2f9c4b64059e","index/store/processData/processLeftPicModuleData.js":"887ee79a5160c2b9807ae0df22a1b96f","index/store/processData/processChannelData.js":"4eed504137b0827839c4a7788f15aa99","index/store/processData/processUpcomingModuleData.js":"23f36e5bc739f95d0bfc1b389ac59e66","index/store/processData/processStarModuleData.js":"e701d389d0635ee636044be33d4cdc95","index/store/processData/processFocusModuleData.js":"eeafb044b2c6d4c3dc3967adc976ba1e","index/store/processData/processData.js":"0110bd5bbcfd026b8d332fcfe687ee39","index/store/processData/processWelfareModuleData.js":"d70aa216daf2beea4b8dc0dcd29fb689","index/style/colors/colors-night.vnss":"b52c917aec9ec7a0520e34b18f659325","index/store/processData/processUserInterestModuleData.js":"a88b4aa781066fdc95cbde6845ac2982","index/store/processData/util.js":"59b8d34a5660064fc475995757498d6e","index/style/colors/colors-light.vnss":"5692e9050b6475aed16fb3876c3db411","index/style/colors/colors-vip.vnss":"d1381f9b45ca70d6f9c618f940988534","index/style/common/common-huge.vnss":"674497d43324032d4e433cb95f4b860b","index/style/common/common-large.vnss":"d2202751823efd86c5738ee64d0b2adf","index/style/common/common-regular.vnss":"4fbaa3a2d3da58c5264deeb8da79ac33","index/style/colors/index.vnss":"5260aeae2be82405c54584ee8c65c679","index/style/common/common-max.vnss":"29bacfd5652d1075024c41a2d6f88482","index/style/common/common.vnss":"690ef964cbdadf931ceb2ab6972b41ed","index/style/dimens/dimens-huge.vnss":"c1b4f90b46146394f5c5bb51ec4146d2","index/style/dimens/dimens-regular.vnss":"f38d453e343bf16571dce8fd49ab45b7","index/style/dimens/dimens-large.vnss":"8b5a0a556dc90390c79c7c534cd94ecf","index/style/dimens/dimens.vnss":"d34bb11f2719381043546a7d9013f821","index/style/module/detainTip.vnss":"e27a050547e754cdb3f2a47ea69ab75b","index/style/module/horizontalPoster.vnss":"a775a73491d749cf74d9a0bae2a5003d","index/style/dimens/dimens-max.vnss":"a1c0aac9d0298ae6f953ffc58d427531","index/style/module/welfare.vnss":"caf5d186a16b895b8e791c304fe4a12e","index/style/module/index.vnss":"cd436f423e38a2297ee8c52254d1bc14","index/util/atom.js":"bd56a63c8efda4ac08913fa8a4112edd","index/util/cacheProcessor.js":"990db87c58a3c3017478f2d97040ebcc","index/util/common.js":"1670e474442976e94fa4fdf028ac116a","index/util/commonReport.js":"a0487e9a693f51bc1921dcdc19f8e9d6","index/util/commonAttention.js":"c64de2cd1c3da9eed67f7ef6ce4c7568","index/util/commonWithVNState.js":"86db92c8ed1cba5885f278dd722970a3","index/util/vnRequest.js":"4872bf121af50e40d1adea0b5e838635","info.json":"a569b680a09028211bede754b6f8b1bf","index/util/util.js":"a9ebc74a3decf3878aefd729156b04ee","lib/lodash-es.js":"75115711b0ed693686f6a4568f7c7095","index/util/functionProc.js":"c8647ccc01c2d04b760d113f1ac2bc5d","lib/es6.js":"3a3573a0c5a58b1acc577fa68d9d4477","index/util/cache.js":"d61fc5e9889a36f5baceecf70bde8142","lib/tencent.js":"31b74ae136ce1a40b086713dc8172e8d","lottie/loading.zip":"4ba7c9d7147a18c444dd67a320a55d4f"}